tag,workload,phase,l1i_size,l1i_assoc,rob_entries,issue_width,decode_width,l1d_size,l1d_assoc,l2_size,l2_assoc,cpi,ipc,l1d_miss_rate,l2_miss_rate,intalu_utilization,runtime_dynamic,total_leakage,energy,edp
encoder_DECODE_WIDTH_4_ISSUE_WIDTH_4_L1D_ASSOC_4_L1D_SIZE_32kB_L1I_ASSOC_4_L1I_SIZE_64kB_L2_ASSOC_8_L2_SIZE_256kB_ROB_ENTRIES_128_phase1,encoder,1,64kB,4,128,4,4,32kB,4,256kB,8,8.766953,0.11406471552887301,,,,2.5998,0.537185,27.501800056705004,241.10698851253014
encoder_DECODE_WIDTH_4_ISSUE_WIDTH_4_L1D_ASSOC_4_L1D_SIZE_32kB_L1I_ASSOC_4_L1I_SIZE_64kB_L2_ASSOC_16_L2_SIZE_256kB_ROB_ENTRIES_128_phase1,encoder,1,64kB,4,128,4,4,32kB,4,256kB,16,8.766953,0.11406471552887301,,,,2.59987,0.538298,27.512171362104006,241.19791325951184
encoder_DECODE_WIDTH_4_ISSUE_WIDTH_4_L1D_ASSOC_4_L1D_SIZE_32kB_L1I_ASSOC_4_L1I_SIZE_64kB_L2_ASSOC_8_L2_SIZE_512kB_ROB_ENTRIES_128_phase1,encoder,1,64kB,4,128,4,4,32kB,4,512kB,8,8.766953,0.11406471552887301,,,,2.6011,0.557896,27.694769459188002,242.79874219453666
encoder_DECODE_WIDTH_4_ISSUE_WIDTH_4_L1D_ASSOC_4_L1D_SIZE_32kB_L1I_ASSOC_4_L1I_SIZE_64kB_L2_ASSOC_16_L2_SIZE_512kB_ROB_ENTRIES_128_phase1,encoder,1,64kB,4,128,4,4,32kB,4,512kB,16,8.766953,0.11406471552887301,,,,2.60114,0.559279,27.707244833307005,242.90811321309536
encoder_DECODE_WIDTH_4_ISSUE_WIDTH_4_L1D_ASSOC_4_L1D_SIZE_32kB_L1I_ASSOC_4_L1I_SIZE_64kB_L2_ASSOC_8_L2_SIZE_1MB_ROB_ENTRIES_128_phase1,encoder,1,64kB,4,128,4,4,32kB,4,1MB,8,8.766953,0.11406471552887301,,,,2.60487,0.596937,28.070091484071003,246.08917274655076
encoder_DECODE_WIDTH_4_ISSUE_WIDTH_4_L1D_ASSOC_4_L1D_SIZE_32kB_L1I_ASSOC_4_L1I_SIZE_64kB_L2_ASSOC_16_L2_SIZE_1MB_ROB_ENTRIES_128_phase1,encoder,1,64kB,4,128,4,4,32kB,4,1MB,16,8.766953,0.11406471552887301,,,,2.60523,0.602178,28.119195187824005,246.51966260947924
encoder_DECODE_WIDTH_4_ISSUE_WIDTH_4_L1D_ASSOC_4_L1D_SIZE_32kB_L1I_ASSOC_4_L1I_SIZE_64kB_L2_ASSOC_8_L2_SIZE_2MB_ROB_ENTRIES_128_phase1,encoder,1,64kB,4,128,4,4,32kB,4,2MB,8,8.766953,0.11406471552887301,,,,2.60932,0.674814,28.791848423702003,252.41678191371957
encoder_DECODE_WIDTH_4_ISSUE_WIDTH_4_L1D_ASSOC_4_L1D_SIZE_32kB_L1I_ASSOC_4_L1I_SIZE_64kB_L2_ASSOC_16_L2_SIZE_2MB_ROB_ENTRIES_128_phase1,encoder,1,64kB,4,128,4,4,32kB,4,2MB,16,8.766953,0.11406471552887301,,,,2.60946,0.677127,28.813353759411,252.60531818112958
encoder_DECODE_WIDTH_4_ISSUE_WIDTH_4_L1D_ASSOC_8_L1D_SIZE_32kB_L1I_ASSOC_4_L1I_SIZE_64kB_L2_ASSOC_8_L2_SIZE_256kB_ROB_ENTRIES_128_phase1,encoder,1,64kB,4,128,4,4,32kB,8,256kB,8,8.766953,0.11406471552887301,,,,2.62515,0.539593,27.745153138079004,243.24045353934116
encoder_DECODE_WIDTH_4_ISSUE_WIDTH_4_L1D_ASSOC_8_L1D_SIZE_32kB_L1I_ASSOC_4_L1I_SIZE_64kB_L2_ASSOC_16_L2_SIZE_256kB_ROB_ENTRIES_128_phase1,encoder,1,64kB,4,128,4,4,32kB,8,256kB,16,8.766953,0.11406471552887301,,,,2.62522,0.540706,27.755524443478006,243.33137828632286
encoder_DECODE_WIDTH_4_ISSUE_WIDTH_4_L1D_ASSOC_8_L1D_SIZE_32kB_L1I_ASSOC_4_L1I_SIZE_64kB_L2_ASSOC_8_L2_SIZE_512kB_ROB_ENTRIES_128_phase1,encoder,1,64kB,4,128,4,4,32kB,8,512kB,8,8.766953,0.11406471552887301,,,,2.62644,0.560304,27.938034871032002,244.93143862669865
encoder_DECODE_WIDTH_4_ISSUE_WIDTH_4_L1D_ASSOC_8_L1D_SIZE_32kB_L1I_ASSOC_4_L1I_SIZE_64kB_L2_ASSOC_16_L2_SIZE_512kB_ROB_ENTRIES_128_phase1,encoder,1,64kB,4,128,4,4,32kB,8,512kB,16,8.766953,0.11406471552887301,,,,2.62648,0.561687,27.950510245151,245.04080964525733
encoder_DECODE_WIDTH_4_ISSUE_WIDTH_4_L1D_ASSOC_8_L1D_SIZE_32kB_L1I_ASSOC_4_L1I_SIZE_64kB_L2_ASSOC_8_L2_SIZE_1MB_ROB_ENTRIES_128_phase1,encoder,1,64kB,4,128,4,4,32kB,8,1MB,8,8.766953,0.11406471552887301,,,,2.63019,0.599345,28.313181556855,248.22033198941463
encoder_DECODE_WIDTH_4_ISSUE_WIDTH_4_L1D_ASSOC_8_L1D_SIZE_32kB_L1I_ASSOC_4_L1I_SIZE_64kB_L2_ASSOC_16_L2_SIZE_1MB_ROB_ENTRIES_128_phase1,encoder,1,64kB,4,128,4,4,32kB,8,1MB,16,8.766953,0.11406471552887301,,,,2.63056,0.604586,28.362372930138,248.65159044699217
encoder_DECODE_WIDTH_4_ISSUE_WIDTH_4_L1D_ASSOC_8_L1D_SIZE_32kB_L1I_ASSOC_4_L1I_SIZE_64kB_L2_ASSOC_8_L2_SIZE_2MB_ROB_ENTRIES_128_phase1,encoder,1,64kB,4,128,4,4,32kB,8,2MB,8,8.766953,0.11406471552887301,,,,2.63463,0.677221,29.034842060003,254.5470957024695
encoder_DECODE_WIDTH_4_ISSUE_WIDTH_4_L1D_ASSOC_8_L1D_SIZE_32kB_L1I_ASSOC_4_L1I_SIZE_64kB_L2_ASSOC_16_L2_SIZE_2MB_ROB_ENTRIES_128_phase1,encoder,1,64kB,4,128,4,4,32kB,8,2MB,16,8.766953,0.11406471552887301,,,,2.63477,0.679534,29.056347395712002,254.73563196987956
encoder_DECODE_WIDTH_4_ISSUE_WIDTH_4_L1D_ASSOC_16_L1D_SIZE_32kB_L1I_ASSOC_4_L1I_SIZE_64kB_L2_ASSOC_8_L2_SIZE_256kB_ROB_ENTRIES_128_phase1,encoder,1,64kB,4,128,4,4,32kB,16,256kB,8,8.766953,0.11406471552887301,,,,2.67326,0.544123,28.206645543999002,247.2863357718987
encoder_DECODE_WIDTH_4_ISSUE_WIDTH_4_L1D_ASSOC_16_L1D_SIZE_32kB_L1I_ASSOC_4_L1I_SIZE_64kB_L2_ASSOC_16_L2_SIZE_256kB_ROB_ENTRIES_128_phase1,encoder,1,64kB,4,128,4,4,32kB,16,256kB,16,8.766953,0.11406471552887301,,,,2.67333,0.545237,28.217025616351005,247.37733737834532
encoder_DECODE_WIDTH_4_ISSUE_WIDTH_4_L1D_ASSOC_16_L1D_SIZE_32kB_L1I_ASSOC_4_L1I_SIZE_64kB_L2_ASSOC_8_L2_SIZE_512kB_ROB_ENTRIES_128_phase1,encoder,1,64kB,4,128,4,4,32kB,16,512kB,8,8.766953,0.11406471552887301,,,,2.67454,0.564835,28.399448374375,248.97662912407208
encoder_DECODE_WIDTH_4_ISSUE_WIDTH_4_L1D_ASSOC_16_L1D_SIZE_32kB_L1I_ASSOC_4_L1I_SIZE_64kB_L2_ASSOC_16_L2_SIZE_512kB_ROB_ENTRIES_128_phase1,encoder,1,64kB,4,128,4,4,32kB,16,512kB,16,8.766953,0.11406471552887301,,,,2.67458,0.566217,28.411914981541003,249.08592328316587
encoder_DECODE_WIDTH_4_ISSUE_WIDTH_4_L1D_ASSOC_16_L1D_SIZE_32kB_L1I_ASSOC_4_L1I_SIZE_64kB_L2_ASSOC_8_L2_SIZE_1MB_ROB_ENTRIES_128_phase1,encoder,1,64kB,4,128,4,4,32kB,16,1MB,8,8.766953,0.11406471552887301,,,,2.67825,0.603875,28.774235615125,252.262371248727
encoder_DECODE_WIDTH_4_ISSUE_WIDTH_4_L1D_ASSOC_16_L1D_SIZE_32kB_L1I_ASSOC_4_L1I_SIZE_64kB_L2_ASSOC_16_L2_SIZE_1MB_ROB_ENTRIES_128_phase1,encoder,1,64kB,4,128,4,4,32kB,16,1MB,16,8.766953,0.11406471552887301,,,,2.67861,0.609117,28.823348085831,252.69293797112036
encoder_DECODE_WIDTH_4_ISSUE_WIDTH_4_L1D_ASSOC_16_L1D_SIZE_32kB_L1I_ASSOC_4_L1I_SIZE_64kB_L2_ASSOC_8_L2_SIZE_2MB_ROB_ENTRIES_128_phase1,encoder,1,64kB,4,128,4,4,32kB,16,2MB,8,8.766953,0.11406471552887301,,,,2.68264,0.681752,29.495466537576004,258.58536884800156
encoder_DECODE_WIDTH_4_ISSUE_WIDTH_4_L1D_ASSOC_16_L1D_SIZE_32kB_L1I_ASSOC_4_L1I_SIZE_64kB_L2_ASSOC_16_L2_SIZE_2MB_ROB_ENTRIES_128_phase1,encoder,1,64kB,4,128,4,4,32kB,16,2MB,16,8.766953,0.11406471552887301,,,,2.68277,0.684065,29.516884203755,258.77313652076253
encoder_DECODE_WIDTH_4_ISSUE_WIDTH_4_L1D_ASSOC_4_L1D_SIZE_64kB_L1I_ASSOC_4_L1I_SIZE_64kB_L2_ASSOC_8_L2_SIZE_256kB_ROB_ENTRIES_128_phase1,encoder,1,64kB,4,128,4,4,64kB,4,256kB,8,8.766953,0.11406471552887301,,,,2.60105,0.539714,27.534930372092003,241.39744043040312
encoder_DECODE_WIDTH_4_ISSUE_WIDTH_4_L1D_ASSOC_4_L1D_SIZE_64kB_L1I_ASSOC_4_L1I_SIZE_64kB_L2_ASSOC_16_L2_SIZE_256kB_ROB_ENTRIES_128_phase1,encoder,1,64kB,4,128,4,4,64kB,4,256kB,16,8.766953,0.11406471552887301,,,,2.60112,0.540827,27.545301677491004,241.48836517738482
encoder_DECODE_WIDTH_4_ISSUE_WIDTH_4_L1D_ASSOC_4_L1D_SIZE_64kB_L1I_ASSOC_4_L1I_SIZE_64kB_L2_ASSOC_8_L2_SIZE_512kB_ROB_ENTRIES_128_phase1,encoder,1,64kB,4,128,4,4,64kB,4,512kB,8,8.766953,0.11406471552887301,,,,2.60234,0.560426,27.727820871998002,243.08850237722552
encoder_DECODE_WIDTH_4_ISSUE_WIDTH_4_L1D_ASSOC_4_L1D_SIZE_64kB_L1I_ASSOC_4_L1I_SIZE_64kB_L2_ASSOC_16_L2_SIZE_512kB_ROB_ENTRIES_128_phase1,encoder,1,64kB,4,128,4,4,64kB,4,512kB,16,8.766953,0.11406471552887301,,,,2.60238,0.561808,27.740287479164003,243.19779653631932
encoder_DECODE_WIDTH_4_ISSUE_WIDTH_4_L1D_ASSOC_4_L1D_SIZE_64kB_L1I_ASSOC_4_L1I_SIZE_64kB_L2_ASSOC_8_L2_SIZE_1MB_ROB_ENTRIES_128_phase1,encoder,1,64kB,4,128,4,4,64kB,4,1MB,8,8.766953,0.11406471552887301,,,,2.6061,0.599467,28.103055227351007,246.37816433459062
encoder_DECODE_WIDTH_4_ISSUE_WIDTH_4_L1D_ASSOC_4_L1D_SIZE_64kB_L1I_ASSOC_4_L1I_SIZE_64kB_L2_ASSOC_16_L2_SIZE_1MB_ROB_ENTRIES_128_phase1,encoder,1,64kB,4,128,4,4,64kB,4,1MB,16,8.766953,0.11406471552887301,,,,2.60646,0.604708,28.152158931104005,246.80865419751908
encoder_DECODE_WIDTH_4_ISSUE_WIDTH_4_L1D_ASSOC_4_L1D_SIZE_64kB_L1I_ASSOC_4_L1I_SIZE_64kB_L2_ASSOC_8_L2_SIZE_2MB_ROB_ENTRIES_128_phase1,encoder,1,64kB,4,128,4,4,64kB,4,2MB,8,8.766953,0.11406471552887301,,,,2.61053,0.677343,28.824628060969,252.70415945299638
encoder_DECODE_WIDTH_4_ISSUE_WIDTH_4_L1D_ASSOC_4_L1D_SIZE_64kB_L1I_ASSOC_4_L1I_SIZE_64kB_L2_ASSOC_16_L2_SIZE_2MB_ROB_ENTRIES_128_phase1,encoder,1,64kB,4,128,4,4,64kB,4,2MB,16,8.766953,0.11406471552887301,,,,2.61066,0.679656,28.846045727148006,252.8919271257574
encoder_DECODE_WIDTH_4_ISSUE_WIDTH_4_L1D_ASSOC_8_L1D_SIZE_64kB_L1I_ASSOC_4_L1I_SIZE_64kB_L2_ASSOC_8_L2_SIZE_256kB_ROB_ENTRIES_128_phase1,encoder,1,64kB,4,128,4,4,64kB,8,256kB,8,8.766953,0.11406471552887301,,,,2.62573,0.542087,27.772102751601,243.47671953445666
encoder_DECODE_WIDTH_4_ISSUE_WIDTH_4_L1D_ASSOC_8_L1D_SIZE_64kB_L1I_ASSOC_4_L1I_SIZE_64kB_L2_ASSOC_16_L2_SIZE_256kB_ROB_ENTRIES_128_phase1,encoder,1,64kB,4,128,4,4,64kB,8,256kB,16,8.766953,0.11406471552887301,,,,2.6258,0.5432,27.782474057,243.56764428143836
encoder_DECODE_WIDTH_4_ISSUE_WIDTH_4_L1D_ASSOC_8_L1D_SIZE_64kB_L1I_ASSOC_4_L1I_SIZE_64kB_L2_ASSOC_8_L2_SIZE_512kB_ROB_ENTRIES_128_phase1,encoder,1,64kB,4,128,4,4,64kB,8,512kB,8,8.766953,0.11406471552887301,,,,2.62702,0.562798,27.964984484554,245.16770462181418
encoder_DECODE_WIDTH_4_ISSUE_WIDTH_4_L1D_ASSOC_8_L1D_SIZE_64kB_L1I_ASSOC_4_L1I_SIZE_64kB_L2_ASSOC_16_L2_SIZE_512kB_ROB_ENTRIES_128_phase1,encoder,1,64kB,4,128,4,4,64kB,8,512kB,16,8.766953,0.11406471552887301,,,,2.62706,0.564181,27.977459858673004,245.27707564037289
encoder_DECODE_WIDTH_4_ISSUE_WIDTH_4_L1D_ASSOC_8_L1D_SIZE_64kB_L1I_ASSOC_4_L1I_SIZE_64kB_L2_ASSOC_8_L2_SIZE_1MB_ROB_ENTRIES_128_phase1,encoder,1,64kB,4,128,4,4,64kB,8,1MB,8,8.766953,0.11406471552887301,,,,2.63075,0.601839,28.339955831317003,248.45506079523213
encoder_DECODE_WIDTH_4_ISSUE_WIDTH_4_L1D_ASSOC_8_L1D_SIZE_64kB_L1I_ASSOC_4_L1I_SIZE_64kB_L2_ASSOC_16_L2_SIZE_1MB_ROB_ENTRIES_128_phase1,encoder,1,64kB,4,128,4,4,64kB,8,1MB,16,8.766953,0.11406471552887301,,,,2.63112,0.60708,28.389147204600004,248.88631925280964
encoder_DECODE_WIDTH_4_ISSUE_WIDTH_4_L1D_ASSOC_8_L1D_SIZE_64kB_L1I_ASSOC_4_L1I_SIZE_64kB_L2_ASSOC_8_L2_SIZE_2MB_ROB_ENTRIES_128_phase1,encoder,1,64kB,4,128,4,4,64kB,8,2MB,8,8.766953,0.11406471552887301,,,,2.63517,0.679716,29.061449762358002,254.7803641784538
encoder_DECODE_WIDTH_4_ISSUE_WIDTH_4_L1D_ASSOC_8_L1D_SIZE_64kB_L1I_ASSOC_4_L1I_SIZE_64kB_L2_ASSOC_16_L2_SIZE_2MB_ROB_ENTRIES_128_phase1,encoder,1,64kB,4,128,4,4,64kB,8,2MB,16,8.766953,0.11406471552887301,,,,2.6353,0.682029,29.082867428537003,254.9681318512148
encoder_DECODE_WIDTH_4_ISSUE_WIDTH_4_L1D_ASSOC_16_L1D_SIZE_64kB_L1I_ASSOC_4_L1I_SIZE_64kB_L2_ASSOC_8_L2_SIZE_256kB_ROB_ENTRIES_128_phase1,encoder,1,64kB,4,128,4,4,64kB,16,256kB,8,8.766953,0.11406471552887301,,,,2.6745,0.546671,28.239854761963002,247.57747942495584
encoder_DECODE_WIDTH_4_ISSUE_WIDTH_4_L1D_ASSOC_16_L1D_SIZE_64kB_L1I_ASSOC_4_L1I_SIZE_64kB_L2_ASSOC_16_L2_SIZE_256kB_ROB_ENTRIES_128_phase1,encoder,1,64kB,4,128,4,4,64kB,16,256kB,16,8.766953,0.11406471552887301,,,,2.67457,0.547784,28.250226067362004,247.66840417193754
encoder_DECODE_WIDTH_4_ISSUE_WIDTH_4_L1D_ASSOC_16_L1D_SIZE_64kB_L1I_ASSOC_4_L1I_SIZE_64kB_L2_ASSOC_8_L2_SIZE_512kB_ROB_ENTRIES_128_phase1,encoder,1,64kB,4,128,4,4,64kB,16,512kB,8,8.766953,0.11406471552887301,,,,2.67577,0.567382,28.432561155856003,249.2669273230153
encoder_DECODE_WIDTH_4_ISSUE_WIDTH_4_L1D_ASSOC_16_L1D_SIZE_64kB_L1I_ASSOC_4_L1I_SIZE_64kB_L2_ASSOC_16_L2_SIZE_512kB_ROB_ENTRIES_128_phase1,encoder,1,64kB,4,128,4,4,64kB,16,512kB,16,8.766953,0.11406471552887301,,,,2.67581,0.568765,28.445036529975003,249.37629834157397
encoder_DECODE_WIDTH_4_ISSUE_WIDTH_4_L1D_ASSOC_16_L1D_SIZE_64kB_L1I_ASSOC_4_L1I_SIZE_64kB_L2_ASSOC_8_L2_SIZE_1MB_ROB_ENTRIES_128_phase1,encoder,1,64kB,4,128,4,4,64kB,16,1MB,8,8.766953,0.11406471552887301,,,,2.67947,0.606423,28.807269494029,252.55197771248606
encoder_DECODE_WIDTH_4_ISSUE_WIDTH_4_L1D_ASSOC_16_L1D_SIZE_64kB_L1I_ASSOC_4_L1I_SIZE_64kB_L2_ASSOC_16_L2_SIZE_1MB_ROB_ENTRIES_128_phase1,encoder,1,64kB,4,128,4,4,64kB,16,1MB,16,8.766953,0.11406471552887301,,,,2.67984,0.611664,28.856460867312002,252.98323617006358
encoder_DECODE_WIDTH_4_ISSUE_WIDTH_4_L1D_ASSOC_16_L1D_SIZE_64kB_L1I_ASSOC_4_L1I_SIZE_64kB_L2_ASSOC_8_L2_SIZE_2MB_ROB_ENTRIES_128_phase1,encoder,1,64kB,4,128,4,4,64kB,16,2MB,8,8.766953,0.11406471552887301,,,,2.68385,0.684299,29.528403979997,258.87412985764666
encoder_DECODE_WIDTH_4_ISSUE_WIDTH_4_L1D_ASSOC_16_L1D_SIZE_64kB_L1I_ASSOC_4_L1I_SIZE_64kB_L2_ASSOC_16_L2_SIZE_2MB_ROB_ENTRIES_128_phase1,encoder,1,64kB,4,128,4,4,64kB,16,2MB,16,8.766953,0.11406471552887301,,,,2.68399,0.686612,29.549909315706003,259.0626661250567
encoder_DECODE_WIDTH_4_ISSUE_WIDTH_4_L1D_ASSOC_4_L1D_SIZE_128kB_L1I_ASSOC_4_L1I_SIZE_64kB_L2_ASSOC_8_L2_SIZE_256kB_ROB_ENTRIES_128_phase1,encoder,1,64kB,4,128,4,4,128kB,4,256kB,8,8.766953,0.11406471552887301,,,,2.60869,0.546694,27.663103224952003,242.52112580730267
encoder_DECODE_WIDTH_4_ISSUE_WIDTH_4_L1D_ASSOC_4_L1D_SIZE_128kB_L1I_ASSOC_4_L1I_SIZE_64kB_L2_ASSOC_16_L2_SIZE_256kB_ROB_ENTRIES_128_phase1,encoder,1,64kB,4,128,4,4,128kB,4,256kB,16,8.766953,0.11406471552887301,,,,2.60876,0.547807,27.673474530351005,242.61205055428437
encoder_DECODE_WIDTH_4_ISSUE_WIDTH_4_L1D_ASSOC_4_L1D_SIZE_128kB_L1I_ASSOC_4_L1I_SIZE_64kB_L2_ASSOC_8_L2_SIZE_512kB_ROB_ENTRIES_128_phase1,encoder,1,64kB,4,128,4,4,128kB,4,512kB,8,8.766953,0.11406471552887301,,,,2.60997,0.567405,27.855897288375004,244.21134230001113
encoder_DECODE_WIDTH_4_ISSUE_WIDTH_4_L1D_ASSOC_4_L1D_SIZE_128kB_L1I_ASSOC_4_L1I_SIZE_64kB_L2_ASSOC_16_L2_SIZE_512kB_ROB_ENTRIES_128_phase1,encoder,1,64kB,4,128,4,4,128kB,4,512kB,16,8.766953,0.11406471552887301,,,,2.61001,0.568788,27.868372662494004,244.32071331856983
encoder_DECODE_WIDTH_4_ISSUE_WIDTH_4_L1D_ASSOC_4_L1D_SIZE_128kB_L1I_ASSOC_4_L1I_SIZE_64kB_L2_ASSOC_8_L2_SIZE_1MB_ROB_ENTRIES_128_phase1,encoder,1,64kB,4,128,4,4,128kB,4,1MB,8,8.766953,0.11406471552887301,,,,2.6137,0.606446,28.230868635138005,247.49869847342907
encoder_DECODE_WIDTH_4_ISSUE_WIDTH_4_L1D_ASSOC_4_L1D_SIZE_128kB_L1I_ASSOC_4_L1I_SIZE_64kB_L2_ASSOC_16_L2_SIZE_1MB_ROB_ENTRIES_128_phase1,encoder,1,64kB,4,128,4,4,128kB,4,1MB,16,8.766953,0.11406471552887301,,,,2.61407,0.611687,28.280060008421,247.92995693100653
encoder_DECODE_WIDTH_4_ISSUE_WIDTH_4_L1D_ASSOC_4_L1D_SIZE_128kB_L1I_ASSOC_4_L1I_SIZE_64kB_L2_ASSOC_8_L2_SIZE_2MB_ROB_ENTRIES_128_phase1,encoder,1,64kB,4,128,4,4,128kB,4,2MB,8,8.766953,0.11406471552887301,,,,2.61812,0.684323,28.952362566179,253.8240018566507
encoder_DECODE_WIDTH_4_ISSUE_WIDTH_4_L1D_ASSOC_4_L1D_SIZE_128kB_L1I_ASSOC_4_L1I_SIZE_64kB_L2_ASSOC_16_L2_SIZE_2MB_ROB_ENTRIES_128_phase1,encoder,1,64kB,4,128,4,4,128kB,4,2MB,16,8.766953,0.11406471552887301,,,,2.61825,0.686636,28.973780232358006,254.01176952941174
encoder_DECODE_WIDTH_4_ISSUE_WIDTH_4_L1D_ASSOC_8_L1D_SIZE_128kB_L1I_ASSOC_4_L1I_SIZE_64kB_L2_ASSOC_8_L2_SIZE_256kB_ROB_ENTRIES_128_phase1,encoder,1,64kB,4,128,4,4,128kB,8,256kB,8,8.766953,0.11406471552887301,,,,2.62545,0.549718,27.836548623104,244.04171346096751
encoder_DECODE_WIDTH_4_ISSUE_WIDTH_4_L1D_ASSOC_8_L1D_SIZE_128kB_L1I_ASSOC_4_L1I_SIZE_64kB_L2_ASSOC_16_L2_SIZE_256kB_ROB_ENTRIES_128_phase1,encoder,1,64kB,4,128,4,4,128kB,8,256kB,16,8.766953,0.11406471552887301,,,,2.62552,0.550831,27.846919928503002,244.1326382079492
encoder_DECODE_WIDTH_4_ISSUE_WIDTH_4_L1D_ASSOC_8_L1D_SIZE_128kB_L1I_ASSOC_4_L1I_SIZE_64kB_L2_ASSOC_8_L2_SIZE_512kB_ROB_ENTRIES_128_phase1,encoder,1,64kB,4,128,4,4,128kB,8,512kB,8,8.766953,0.11406471552887301,,,,2.62673,0.570429,28.029342686527,245.73192995367594
encoder_DECODE_WIDTH_4_ISSUE_WIDTH_4_L1D_ASSOC_8_L1D_SIZE_128kB_L1I_ASSOC_4_L1I_SIZE_64kB_L2_ASSOC_16_L2_SIZE_512kB_ROB_ENTRIES_128_phase1,encoder,1,64kB,4,128,4,4,128kB,8,512kB,16,8.766953,0.11406471552887301,,,,2.62677,0.571812,28.041818060646005,245.8413009722347
encoder_DECODE_WIDTH_4_ISSUE_WIDTH_4_L1D_ASSOC_8_L1D_SIZE_128kB_L1I_ASSOC_4_L1I_SIZE_64kB_L2_ASSOC_8_L2_SIZE_1MB_ROB_ENTRIES_128_phase1,encoder,1,64kB,4,128,4,4,128kB,8,1MB,8,8.766953,0.11406471552887301,,,,2.63045,0.60947,28.404226363760003,249.01851753244486
encoder_DECODE_WIDTH_4_ISSUE_WIDTH_4_L1D_ASSOC_8_L1D_SIZE_128kB_L1I_ASSOC_4_L1I_SIZE_64kB_L2_ASSOC_16_L2_SIZE_1MB_ROB_ENTRIES_128_phase1,encoder,1,64kB,4,128,4,4,128kB,8,1MB,16,8.766953,0.11406471552887301,,,,2.63082,0.614711,28.453417737043,249.44977599002237
encoder_DECODE_WIDTH_4_ISSUE_WIDTH_4_L1D_ASSOC_8_L1D_SIZE_128kB_L1I_ASSOC_4_L1I_SIZE_64kB_L2_ASSOC_8_L2_SIZE_2MB_ROB_ENTRIES_128_phase1,encoder,1,64kB,4,128,4,4,128kB,8,2MB,8,8.766953,0.11406471552887301,,,,2.63485,0.687346,29.125536188788,255.34220686690355
encoder_DECODE_WIDTH_4_ISSUE_WIDTH_4_L1D_ASSOC_8_L1D_SIZE_128kB_L1I_ASSOC_4_L1I_SIZE_64kB_L2_ASSOC_16_L2_SIZE_2MB_ROB_ENTRIES_128_phase1,encoder,1,64kB,4,128,4,4,128kB,8,2MB,16,8.766953,0.11406471552887301,,,,2.63499,0.68966,29.147050291450004,255.53081999377852
encoder_DECODE_WIDTH_4_ISSUE_WIDTH_4_L1D_ASSOC_16_L1D_SIZE_128kB_L1I_ASSOC_4_L1I_SIZE_64kB_L2_ASSOC_8_L2_SIZE_256kB_ROB_ENTRIES_128_phase1,encoder,1,64kB,4,128,4,4,128kB,16,256kB,8,8.766953,0.11406471552887301,,,,2.67824,0.551604,28.315890545332003,248.24408156407006
encoder_DECODE_WIDTH_4_ISSUE_WIDTH_4_L1D_ASSOC_16_L1D_SIZE_128kB_L1I_ASSOC_4_L1I_SIZE_64kB_L2_ASSOC_16_L2_SIZE_256kB_ROB_ENTRIES_128_phase1,encoder,1,64kB,4,128,4,4,128kB,16,256kB,16,8.766953,0.11406471552887301,,,,2.6783,0.552717,28.326174181201004,248.33423771640273
encoder_DECODE_WIDTH_4_ISSUE_WIDTH_4_L1D_ASSOC_16_L1D_SIZE_128kB_L1I_ASSOC_4_L1I_SIZE_64kB_L2_ASSOC_8_L2_SIZE_512kB_ROB_ENTRIES_128_phase1,encoder,1,64kB,4,128,4,4,128kB,16,512kB,8,8.766953,0.11406471552887301,,,,2.67951,0.572315,28.508596939225004,249.93352946212948
encoder_DECODE_WIDTH_4_ISSUE_WIDTH_4_L1D_ASSOC_16_L1D_SIZE_128kB_L1I_ASSOC_4_L1I_SIZE_64kB_L2_ASSOC_16_L2_SIZE_512kB_ROB_ENTRIES_128_phase1,encoder,1,64kB,4,128,4,4,128kB,16,512kB,16,8.766953,0.11406471552887301,,,,2.67955,0.573698,28.521072313344003,250.0429004806882
encoder_DECODE_WIDTH_4_ISSUE_WIDTH_4_L1D_ASSOC_16_L1D_SIZE_128kB_L1I_ASSOC_4_L1I_SIZE_64kB_L2_ASSOC_8_L2_SIZE_1MB_ROB_ENTRIES_128_phase1,encoder,1,64kB,4,128,4,4,128kB,16,1MB,8,8.766953,0.11406471552887301,,,,2.6832,0.611356,28.883217607868005,253.21781125695125
encoder_DECODE_WIDTH_4_ISSUE_WIDTH_4_L1D_ASSOC_16_L1D_SIZE_128kB_L1I_ASSOC_4_L1I_SIZE_64kB_L2_ASSOC_16_L2_SIZE_1MB_ROB_ENTRIES_128_phase1,encoder,1,64kB,4,128,4,4,128kB,16,1MB,16,8.766953,0.11406471552887301,,,,2.68357,0.616597,28.932408981151003,253.64906971452876
encoder_DECODE_WIDTH_4_ISSUE_WIDTH_4_L1D_ASSOC_16_L1D_SIZE_128kB_L1I_ASSOC_4_L1I_SIZE_64kB_L2_ASSOC_8_L2_SIZE_2MB_ROB_ENTRIES_128_phase1,encoder,1,64kB,4,128,4,4,128kB,16,2MB,8,8.766953,0.11406471552887301,,,,2.68757,0.689232,29.604264424306002,259.5391948074628
encoder_DECODE_WIDTH_4_ISSUE_WIDTH_4_L1D_ASSOC_16_L1D_SIZE_128kB_L1I_ASSOC_4_L1I_SIZE_64kB_L2_ASSOC_16_L2_SIZE_2MB_ROB_ENTRIES_128_phase1,encoder,1,64kB,4,128,4,4,128kB,16,2MB,16,8.766953,0.11406471552887301,,,,2.68771,0.691545,29.625769760015004,259.72773107487285
encoder_DECODE_WIDTH_4_ISSUE_WIDTH_4_L1D_ASSOC_4_L1D_SIZE_256kB_L1I_ASSOC_4_L1I_SIZE_64kB_L2_ASSOC_8_L2_SIZE_256kB_ROB_ENTRIES_128_phase1,encoder,1,64kB,4,128,4,4,256kB,4,256kB,8,8.766953,0.11406471552887301,,,,2.60717,0.555275,27.725006680085002,243.06383048899127
encoder_DECODE_WIDTH_4_ISSUE_WIDTH_4_L1D_ASSOC_4_L1D_SIZE_256kB_L1I_ASSOC_4_L1I_SIZE_64kB_L2_ASSOC_16_L2_SIZE_256kB_ROB_ENTRIES_128_phase1,encoder,1,64kB,4,128,4,4,256kB,4,256kB,16,8.766953,0.11406471552887301,,,,2.60724,0.556388,27.735377985484003,243.15475523597297
encoder_DECODE_WIDTH_4_ISSUE_WIDTH_4_L1D_ASSOC_4_L1D_SIZE_256kB_L1I_ASSOC_4_L1I_SIZE_64kB_L2_ASSOC_8_L2_SIZE_512kB_ROB_ENTRIES_128_phase1,encoder,1,64kB,4,128,4,4,256kB,4,512kB,8,8.766953,0.11406471552887301,,,,2.60846,0.575986,27.917888413038003,244.7548155763488
encoder_DECODE_WIDTH_4_ISSUE_WIDTH_4_L1D_ASSOC_4_L1D_SIZE_256kB_L1I_ASSOC_4_L1I_SIZE_64kB_L2_ASSOC_16_L2_SIZE_512kB_ROB_ENTRIES_128_phase1,encoder,1,64kB,4,128,4,4,256kB,4,512kB,16,8.766953,0.11406471552887301,,,,2.6085,0.577369,27.930363787157003,244.86418659490747
encoder_DECODE_WIDTH_4_ISSUE_WIDTH_4_L1D_ASSOC_4_L1D_SIZE_256kB_L1I_ASSOC_4_L1I_SIZE_64kB_L2_ASSOC_8_L2_SIZE_1MB_ROB_ENTRIES_128_phase1,encoder,1,64kB,4,128,4,4,256kB,4,1MB,8,8.766953,0.11406471552887301,,,,2.61218,0.615027,28.292772090271,248.04140315511765
encoder_DECODE_WIDTH_4_ISSUE_WIDTH_4_L1D_ASSOC_4_L1D_SIZE_256kB_L1I_ASSOC_4_L1I_SIZE_64kB_L2_ASSOC_16_L2_SIZE_1MB_ROB_ENTRIES_128_phase1,encoder,1,64kB,4,128,4,4,256kB,4,1MB,16,8.766953,0.11406471552887301,,,,2.61255,0.620268,28.341963463554002,248.47266161269516
encoder_DECODE_WIDTH_4_ISSUE_WIDTH_4_L1D_ASSOC_4_L1D_SIZE_256kB_L1I_ASSOC_4_L1I_SIZE_64kB_L2_ASSOC_8_L2_SIZE_2MB_ROB_ENTRIES_128_phase1,encoder,1,64kB,4,128,4,4,256kB,4,2MB,8,8.766953,0.11406471552887301,,,,2.61659,0.692903,29.014169584829002,254.3658610842254
encoder_DECODE_WIDTH_4_ISSUE_WIDTH_4_L1D_ASSOC_4_L1D_SIZE_256kB_L1I_ASSOC_4_L1I_SIZE_64kB_L2_ASSOC_16_L2_SIZE_2MB_ROB_ENTRIES_128_phase1,encoder,1,64kB,4,128,4,4,256kB,4,2MB,16,8.766953,0.11406471552887301,,,,2.61672,0.695216,29.035587251008,254.55362875698637
encoder_DECODE_WIDTH_4_ISSUE_WIDTH_4_L1D_ASSOC_8_L1D_SIZE_256kB_L1I_ASSOC_4_L1I_SIZE_64kB_L2_ASSOC_8_L2_SIZE_256kB_ROB_ENTRIES_128_phase1,encoder,1,64kB,4,128,4,4,256kB,8,256kB,8,8.766953,0.11406471552887301,,,,2.62851,0.55978,27.95158858037,245.05026335944055
encoder_DECODE_WIDTH_4_ISSUE_WIDTH_4_L1D_ASSOC_8_L1D_SIZE_256kB_L1I_ASSOC_4_L1I_SIZE_64kB_L2_ASSOC_16_L2_SIZE_256kB_ROB_ENTRIES_128_phase1,encoder,1,64kB,4,128,4,4,256kB,8,256kB,16,8.766953,0.11406471552887301,,,,2.62858,0.560894,27.961968652722,245.14126496588713
encoder_DECODE_WIDTH_4_ISSUE_WIDTH_4_L1D_ASSOC_8_L1D_SIZE_256kB_L1I_ASSOC_4_L1I_SIZE_64kB_L2_ASSOC_8_L2_SIZE_512kB_ROB_ENTRIES_128_phase1,encoder,1,64kB,4,128,4,4,256kB,8,512kB,8,8.766953,0.11406471552887301,,,,2.62978,0.580492,28.144303741216,246.73978811696486
encoder_DECODE_WIDTH_4_ISSUE_WIDTH_4_L1D_ASSOC_8_L1D_SIZE_256kB_L1I_ASSOC_4_L1I_SIZE_64kB_L2_ASSOC_16_L2_SIZE_512kB_ROB_ENTRIES_128_phase1,encoder,1,64kB,4,128,4,4,256kB,8,512kB,16,8.766953,0.11406471552887301,,,,2.62983,0.581874,28.156858017912004,246.8498508707077
encoder_DECODE_WIDTH_4_ISSUE_WIDTH_4_L1D_ASSOC_8_L1D_SIZE_256kB_L1I_ASSOC_4_L1I_SIZE_64kB_L2_ASSOC_8_L2_SIZE_1MB_ROB_ENTRIES_128_phase1,encoder,1,64kB,4,128,4,4,256kB,8,1MB,8,8.766953,0.11406471552887301,,,,2.63349,0.619532,28.519090981966002,250.0255302416198
encoder_DECODE_WIDTH_4_ISSUE_WIDTH_4_L1D_ASSOC_8_L1D_SIZE_256kB_L1I_ASSOC_4_L1I_SIZE_64kB_L2_ASSOC_16_L2_SIZE_1MB_ROB_ENTRIES_128_phase1,encoder,1,64kB,4,128,4,4,256kB,8,1MB,16,8.766953,0.11406471552887301,,,,2.63386,0.624774,28.568291122202,250.45686555866223
encoder_DECODE_WIDTH_4_ISSUE_WIDTH_4_L1D_ASSOC_8_L1D_SIZE_256kB_L1I_ASSOC_4_L1I_SIZE_64kB_L2_ASSOC_8_L2_SIZE_2MB_ROB_ENTRIES_128_phase1,encoder,1,64kB,4,128,4,4,256kB,8,2MB,8,8.766953,0.11406471552887301,,,,2.63788,0.697409,29.240321904417,256.34852784089435
encoder_DECODE_WIDTH_4_ISSUE_WIDTH_4_L1D_ASSOC_8_L1D_SIZE_256kB_L1I_ASSOC_4_L1I_SIZE_64kB_L2_ASSOC_16_L2_SIZE_2MB_ROB_ENTRIES_128_phase1,encoder,1,64kB,4,128,4,4,256kB,8,2MB,16,8.766953,0.11406471552887301,,,,2.63801,0.699722,29.261739570596003,256.5362955136554
encoder_DECODE_WIDTH_4_ISSUE_WIDTH_4_L1D_ASSOC_16_L1D_SIZE_256kB_L1I_ASSOC_4_L1I_SIZE_64kB_L2_ASSOC_8_L2_SIZE_256kB_ROB_ENTRIES_128_phase1,encoder,1,64kB,4,128,4,4,256kB,16,256kB,8,8.766953,0.11406471552887301,,,,2.6775,0.564834,28.425389788302002,249.20405628072362
encoder_DECODE_WIDTH_4_ISSUE_WIDTH_4_L1D_ASSOC_16_L1D_SIZE_256kB_L1I_ASSOC_4_L1I_SIZE_64kB_L2_ASSOC_16_L2_SIZE_256kB_ROB_ENTRIES_128_phase1,encoder,1,64kB,4,128,4,4,256kB,16,256kB,16,8.766953,0.11406471552887301,,,,2.67757,0.565947,28.435761093701,249.2949810277053
encoder_DECODE_WIDTH_4_ISSUE_WIDTH_4_L1D_ASSOC_16_L1D_SIZE_256kB_L1I_ASSOC_4_L1I_SIZE_64kB_L2_ASSOC_8_L2_SIZE_512kB_ROB_ENTRIES_128_phase1,encoder,1,64kB,4,128,4,4,256kB,16,512kB,8,8.766953,0.11406471552887301,,,,2.67876,0.585545,28.618008512665003,250.89273558413402
encoder_DECODE_WIDTH_4_ISSUE_WIDTH_4_L1D_ASSOC_16_L1D_SIZE_256kB_L1I_ASSOC_4_L1I_SIZE_64kB_L2_ASSOC_16_L2_SIZE_512kB_ROB_ENTRIES_128_phase1,encoder,1,64kB,4,128,4,4,256kB,16,512kB,16,8.766953,0.11406471552887301,,,,2.6788,0.586927,28.630475119831004,251.0020297432278
encoder_DECODE_WIDTH_4_ISSUE_WIDTH_4_L1D_ASSOC_16_L1D_SIZE_256kB_L1I_ASSOC_4_L1I_SIZE_64kB_L2_ASSOC_8_L2_SIZE_1MB_ROB_ENTRIES_128_phase1,encoder,1,64kB,4,128,4,4,256kB,16,1MB,8,8.766953,0.11406471552887301,,,,2.68244,0.624585,28.992532744825006,254.17617192484184
encoder_DECODE_WIDTH_4_ISSUE_WIDTH_4_L1D_ASSOC_16_L1D_SIZE_256kB_L1I_ASSOC_4_L1I_SIZE_64kB_L2_ASSOC_16_L2_SIZE_1MB_ROB_ENTRIES_128_phase1,encoder,1,64kB,4,128,4,4,256kB,16,1MB,16,8.766953,0.11406471552887301,,,,2.6828,0.629826,29.041636448578,254.60666178777026
encoder_DECODE_WIDTH_4_ISSUE_WIDTH_4_L1D_ASSOC_16_L1D_SIZE_256kB_L1I_ASSOC_4_L1I_SIZE_64kB_L2_ASSOC_8_L2_SIZE_2MB_ROB_ENTRIES_128_phase1,encoder,1,64kB,4,128,4,4,256kB,16,2MB,8,8.766953,0.11406471552887301,,,,2.68679,0.702461,29.713404222203,260.4960182860553
encoder_DECODE_WIDTH_4_ISSUE_WIDTH_4_L1D_ASSOC_16_L1D_SIZE_256kB_L1I_ASSOC_4_L1I_SIZE_64kB_L2_ASSOC_16_L2_SIZE_2MB_ROB_ENTRIES_128_phase1,encoder,1,64kB,4,128,4,4,256kB,16,2MB,16,8.766953,0.11406471552887301,,,,2.68692,0.704774,29.734821888382005,260.6837859588163
decoder_DECODE_WIDTH_4_ISSUE_WIDTH_4_L1D_ASSOC_4_L1D_SIZE_32kB_L1I_ASSOC_4_L1I_SIZE_64kB_L2_ASSOC_8_L2_SIZE_256kB_ROB_ENTRIES_128_phase1,decoder,1,64kB,4,128,4,4,32kB,4,256kB,8,1.464884,0.6826479093225128,,,,2.74768,0.537185,4.811946180660001,7.0489429689099445
decoder_DECODE_WIDTH_4_ISSUE_WIDTH_4_L1D_ASSOC_4_L1D_SIZE_32kB_L1I_ASSOC_4_L1I_SIZE_64kB_L2_ASSOC_16_L2_SIZE_256kB_ROB_ENTRIES_128_phase1,decoder,1,64kB,4,128,4,4,32kB,4,256kB,16,1.464884,0.6826479093225128,,,,2.74775,0.538298,4.813679138432001,7.051481551022823
decoder_DECODE_WIDTH_4_ISSUE_WIDTH_4_L1D_ASSOC_4_L1D_SIZE_32kB_L1I_ASSOC_4_L1I_SIZE_64kB_L2_ASSOC_8_L2_SIZE_512kB_ROB_ENTRIES_128_phase1,decoder,1,64kB,4,128,4,4,32kB,4,512kB,8,1.463204,0.6834317019362988,,,,2.75041,0.557896,4.840726572424,7.082970483677086
decoder_DECODE_WIDTH_4_ISSUE_WIDTH_4_L1D_ASSOC_4_L1D_SIZE_32kB_L1I_ASSOC_4_L1I_SIZE_64kB_L2_ASSOC_16_L2_SIZE_512kB_ROB_ENTRIES_128_phase1,decoder,1,64kB,4,128,4,4,32kB,4,512kB,16,1.463063,0.6834975664069148,,,,2.75065,0.559279,4.842634652527,7.08507958263011
decoder_DECODE_WIDTH_4_ISSUE_WIDTH_4_L1D_ASSOC_4_L1D_SIZE_32kB_L1I_ASSOC_4_L1I_SIZE_64kB_L2_ASSOC_8_L2_SIZE_1MB_ROB_ENTRIES_128_phase1,decoder,1,64kB,4,128,4,4,32kB,4,1MB,8,1.4582,0.6857769853243726,,,,2.75842,0.596937,4.8927815774,7.13465409616468
decoder_DECODE_WIDTH_4_ISSUE_WIDTH_4_L1D_ASSOC_4_L1D_SIZE_32kB_L1I_ASSOC_4_L1I_SIZE_64kB_L2_ASSOC_16_L2_SIZE_1MB_ROB_ENTRIES_128_phase1,decoder,1,64kB,4,128,4,4,32kB,4,1MB,16,1.457704,0.6860103285715069,,,,2.7592,0.602178,4.899894156112,7.142595310941088
decoder_DECODE_WIDTH_4_ISSUE_WIDTH_4_L1D_ASSOC_4_L1D_SIZE_32kB_L1I_ASSOC_4_L1I_SIZE_64kB_L2_ASSOC_8_L2_SIZE_2MB_ROB_ENTRIES_128_phase1,decoder,1,64kB,4,128,4,4,32kB,4,2MB,8,1.452115,0.6886506922661084,,,,2.76386,0.674814,4.99335009551,7.2509185739415045
decoder_DECODE_WIDTH_4_ISSUE_WIDTH_4_L1D_ASSOC_4_L1D_SIZE_32kB_L1I_ASSOC_4_L1I_SIZE_64kB_L2_ASSOC_16_L2_SIZE_2MB_ROB_ENTRIES_128_phase1,decoder,1,64kB,4,128,4,4,32kB,4,2MB,16,1.45257,0.6884349807582423,,,,2.76329,0.677127,4.99744652169,7.259140894011242
decoder_DECODE_WIDTH_4_ISSUE_WIDTH_4_L1D_ASSOC_8_L1D_SIZE_32kB_L1I_ASSOC_4_L1I_SIZE_64kB_L2_ASSOC_8_L2_SIZE_256kB_ROB_ENTRIES_128_phase1,decoder,1,64kB,4,128,4,4,32kB,8,256kB,8,1.464694,0.6827364623600561,,,,2.83242,0.539593,4.938967209022,7.2340756372512685
decoder_DECODE_WIDTH_4_ISSUE_WIDTH_4_L1D_ASSOC_8_L1D_SIZE_32kB_L1I_ASSOC_4_L1I_SIZE_64kB_L2_ASSOC_16_L2_SIZE_256kB_ROB_ENTRIES_128_phase1,decoder,1,64kB,4,128,4,4,32kB,8,256kB,16,1.464715,0.6827266737897816,,,,2.83242,0.540706,4.94066824909,7.236670894465859
decoder_DECODE_WIDTH_4_ISSUE_WIDTH_4_L1D_ASSOC_8_L1D_SIZE_32kB_L1I_ASSOC_4_L1I_SIZE_64kB_L2_ASSOC_8_L2_SIZE_512kB_ROB_ENTRIES_128_phase1,decoder,1,64kB,4,128,4,4,32kB,8,512kB,8,1.462904,0.6835718543390407,,,,2.8353,0.560304,4.967442674016,7.266891757588702
decoder_DECODE_WIDTH_4_ISSUE_WIDTH_4_L1D_ASSOC_8_L1D_SIZE_32kB_L1I_ASSOC_4_L1I_SIZE_64kB_L2_ASSOC_16_L2_SIZE_512kB_ROB_ENTRIES_128_phase1,decoder,1,64kB,4,128,4,4,32kB,8,512kB,16,1.463052,0.6835027053037076,,,,2.83513,0.561687,4.969719905484,7.270958647158178
decoder_DECODE_WIDTH_4_ISSUE_WIDTH_4_L1D_ASSOC_8_L1D_SIZE_32kB_L1I_ASSOC_4_L1I_SIZE_64kB_L2_ASSOC_8_L2_SIZE_1MB_ROB_ENTRIES_128_phase1,decoder,1,64kB,4,128,4,4,32kB,8,1MB,8,1.457804,0.6859632707826292,,,,2.84373,0.599345,5.0193285073,7.31719717525597
decoder_DECODE_WIDTH_4_ISSUE_WIDTH_4_L1D_ASSOC_8_L1D_SIZE_32kB_L1I_ASSOC_4_L1I_SIZE_64kB_L2_ASSOC_16_L2_SIZE_1MB_ROB_ENTRIES_128_phase1,decoder,1,64kB,4,128,4,4,32kB,8,1MB,16,1.457662,0.6860300947681973,,,,2.84404,0.604586,5.026931072412,7.327566400874221
decoder_DECODE_WIDTH_4_ISSUE_WIDTH_4_L1D_ASSOC_8_L1D_SIZE_32kB_L1I_ASSOC_4_L1I_SIZE_64kB_L2_ASSOC_8_L2_SIZE_2MB_ROB_ENTRIES_128_phase1,decoder,1,64kB,4,128,4,4,32kB,8,2MB,8,1.452036,0.6886881592467404,,,,2.8491,0.677221,5.120345039556,7.434925329856736
decoder_DECODE_WIDTH_4_ISSUE_WIDTH_4_L1D_ASSOC_8_L1D_SIZE_32kB_L1I_ASSOC_4_L1I_SIZE_64kB_L2_ASSOC_16_L2_SIZE_2MB_ROB_ENTRIES_128_phase1,decoder,1,64kB,4,128,4,4,32kB,8,2MB,16,1.452407,0.6885122420919205,,,,2.84864,0.679534,5.124344614818,7.4426339889739666
decoder_DECODE_WIDTH_4_ISSUE_WIDTH_4_L1D_ASSOC_16_L1D_SIZE_32kB_L1I_ASSOC_4_L1I_SIZE_64kB_L2_ASSOC_8_L2_SIZE_256kB_ROB_ENTRIES_128_phase1,decoder,1,64kB,4,128,4,4,32kB,16,256kB,8,1.465532,0.6823460695501702,,,,2.99827,0.544123,5.191490298076,7.608295159519917
decoder_DECODE_WIDTH_4_ISSUE_WIDTH_4_L1D_ASSOC_16_L1D_SIZE_32kB_L1I_ASSOC_4_L1I_SIZE_64kB_L2_ASSOC_16_L2_SIZE_256kB_ROB_ENTRIES_128_phase1,decoder,1,64kB,4,128,4,4,32kB,16,256kB,16,1.465517,0.6823530535640324,,,,2.9983,0.545237,5.193113713629,7.610596430256431
decoder_DECODE_WIDTH_4_ISSUE_WIDTH_4_L1D_ASSOC_16_L1D_SIZE_32kB_L1I_ASSOC_4_L1I_SIZE_64kB_L2_ASSOC_8_L2_SIZE_512kB_ROB_ENTRIES_128_phase1,decoder,1,64kB,4,128,4,4,32kB,16,512kB,8,1.46337,0.6833541756356902,,,,3.00203,0.564835,5.21964323505,7.63826932087512
decoder_DECODE_WIDTH_4_ISSUE_WIDTH_4_L1D_ASSOC_16_L1D_SIZE_32kB_L1I_ASSOC_4_L1I_SIZE_64kB_L2_ASSOC_16_L2_SIZE_512kB_ROB_ENTRIES_128_phase1,decoder,1,64kB,4,128,4,4,32kB,16,512kB,16,1.463882,0.6831151691188224,,,,3.00116,0.566217,5.222218977513999,7.644712361241148
decoder_DECODE_WIDTH_4_ISSUE_WIDTH_4_L1D_ASSOC_16_L1D_SIZE_32kB_L1I_ASSOC_4_L1I_SIZE_64kB_L2_ASSOC_8_L2_SIZE_1MB_ROB_ENTRIES_128_phase1,decoder,1,64kB,4,128,4,4,32kB,16,1MB,8,1.458938,0.6854300868165748,,,,3.00981,0.603875,5.27214236653,7.691728839940545
decoder_DECODE_WIDTH_4_ISSUE_WIDTH_4_L1D_ASSOC_16_L1D_SIZE_32kB_L1I_ASSOC_4_L1I_SIZE_64kB_L2_ASSOC_16_L2_SIZE_1MB_ROB_ENTRIES_128_phase1,decoder,1,64kB,4,128,4,4,32kB,16,1MB,16,1.458742,0.6855221828123136,,,,3.01015,0.609117,5.279576782114,7.701540394294541
decoder_DECODE_WIDTH_4_ISSUE_WIDTH_4_L1D_ASSOC_16_L1D_SIZE_32kB_L1I_ASSOC_4_L1I_SIZE_64kB_L2_ASSOC_8_L2_SIZE_2MB_ROB_ENTRIES_128_phase1,decoder,1,64kB,4,128,4,4,32kB,16,2MB,8,1.452731,0.6883586844364167,,,,3.01665,0.681752,5.372783235861999,7.805208763017038
decoder_DECODE_WIDTH_4_ISSUE_WIDTH_4_L1D_ASSOC_16_L1D_SIZE_32kB_L1I_ASSOC_4_L1I_SIZE_64kB_L2_ASSOC_16_L2_SIZE_2MB_ROB_ENTRIES_128_phase1,decoder,1,64kB,4,128,4,4,32kB,16,2MB,16,1.452919,0.6882696144795408,,,,3.01656,0.684065,5.376708374375,7.8119217545885515
decoder_DECODE_WIDTH_4_ISSUE_WIDTH_4_L1D_ASSOC_4_L1D_SIZE_64kB_L1I_ASSOC_4_L1I_SIZE_64kB_L2_ASSOC_8_L2_SIZE_256kB_ROB_ENTRIES_128_phase1,decoder,1,64kB,4,128,4,4,64kB,4,256kB,8,1.459742,0.6850525640832421,,,,2.75644,0.539714,4.811534432268,7.023598895227756
decoder_DECODE_WIDTH_4_ISSUE_WIDTH_4_L1D_ASSOC_4_L1D_SIZE_64kB_L1I_ASSOC_4_L1I_SIZE_64kB_L2_ASSOC_16_L2_SIZE_256kB_ROB_ENTRIES_128_phase1,decoder,1,64kB,4,128,4,4,64kB,4,256kB,16,1.459592,0.6851229658699143,,,,2.75658,0.540827,4.812868877943999,7.0248249112960375
decoder_DECODE_WIDTH_4_ISSUE_WIDTH_4_L1D_ASSOC_4_L1D_SIZE_64kB_L1I_ASSOC_4_L1I_SIZE_64kB_L2_ASSOC_8_L2_SIZE_512kB_ROB_ENTRIES_128_phase1,decoder,1,64kB,4,128,4,4,64kB,4,512kB,8,1.457884,0.6859256291995797,,,,2.75914,0.560426,4.839542158344,7.055491079975184
decoder_DECODE_WIDTH_4_ISSUE_WIDTH_4_L1D_ASSOC_4_L1D_SIZE_64kB_L1I_ASSOC_4_L1I_SIZE_64kB_L2_ASSOC_16_L2_SIZE_512kB_ROB_ENTRIES_128_phase1,decoder,1,64kB,4,128,4,4,64kB,4,512kB,16,1.458048,0.6858484768677026,,,,2.7589,0.561808,4.841751657984,7.059506321420256
decoder_DECODE_WIDTH_4_ISSUE_WIDTH_4_L1D_ASSOC_4_L1D_SIZE_64kB_L1I_ASSOC_4_L1I_SIZE_64kB_L2_ASSOC_8_L2_SIZE_1MB_ROB_ENTRIES_128_phase1,decoder,1,64kB,4,128,4,4,64kB,4,1MB,8,1.453494,0.6879973360743147,,,,2.76583,0.599467,4.891438997718001,7.109677234549128
decoder_DECODE_WIDTH_4_ISSUE_WIDTH_4_L1D_ASSOC_4_L1D_SIZE_64kB_L1I_ASSOC_4_L1I_SIZE_64kB_L2_ASSOC_16_L2_SIZE_1MB_ROB_ENTRIES_128_phase1,decoder,1,64kB,4,128,4,4,64kB,4,1MB,16,1.453262,0.6881071685628606,,,,2.76626,0.604708,4.898899697616,7.119384772356823
decoder_DECODE_WIDTH_4_ISSUE_WIDTH_4_L1D_ASSOC_4_L1D_SIZE_64kB_L1I_ASSOC_4_L1I_SIZE_64kB_L2_ASSOC_8_L2_SIZE_2MB_ROB_ENTRIES_128_phase1,decoder,1,64kB,4,128,4,4,64kB,4,2MB,8,1.447451,0.6908696736538922,,,,2.77085,0.677343,4.991090406043,7.224358799317346
decoder_DECODE_WIDTH_4_ISSUE_WIDTH_4_L1D_ASSOC_4_L1D_SIZE_64kB_L1I_ASSOC_4_L1I_SIZE_64kB_L2_ASSOC_16_L2_SIZE_2MB_ROB_ENTRIES_128_phase1,decoder,1,64kB,4,128,4,4,64kB,4,2MB,16,1.447926,0.6906430300996045,,,,2.77027,0.679656,4.9952375534760005,7.232734329854292
decoder_DECODE_WIDTH_4_ISSUE_WIDTH_4_L1D_ASSOC_8_L1D_SIZE_64kB_L1I_ASSOC_4_L1I_SIZE_64kB_L2_ASSOC_8_L2_SIZE_256kB_ROB_ENTRIES_128_phase1,decoder,1,64kB,4,128,4,4,64kB,8,256kB,8,1.459766,0.6850413011400458,,,,2.84029,0.542087,4.937478943782,7.207563887848874
decoder_DECODE_WIDTH_4_ISSUE_WIDTH_4_L1D_ASSOC_8_L1D_SIZE_64kB_L1I_ASSOC_4_L1I_SIZE_64kB_L2_ASSOC_16_L2_SIZE_256kB_ROB_ENTRIES_128_phase1,decoder,1,64kB,4,128,4,4,64kB,8,256kB,16,1.459739,0.6850539719771823,,,,2.84033,0.5432,4.939070698669999,7.209754122605846
decoder_DECODE_WIDTH_4_ISSUE_WIDTH_4_L1D_ASSOC_8_L1D_SIZE_64kB_L1I_ASSOC_4_L1I_SIZE_64kB_L2_ASSOC_8_L2_SIZE_512kB_ROB_ENTRIES_128_phase1,decoder,1,64kB,4,128,4,4,64kB,8,512kB,8,1.457929,0.6859044576244796,,,,2.84307,0.562798,4.965513727372,7.239366463033732
decoder_DECODE_WIDTH_4_ISSUE_WIDTH_4_L1D_ASSOC_8_L1D_SIZE_64kB_L1I_ASSOC_4_L1I_SIZE_64kB_L2_ASSOC_16_L2_SIZE_512kB_ROB_ENTRIES_128_phase1,decoder,1,64kB,4,128,4,4,64kB,8,512kB,16,1.45819,0.6857816882573601,,,,2.84274,0.564181,4.9679381329900005,7.244197706144689
decoder_DECODE_WIDTH_4_ISSUE_WIDTH_4_L1D_ASSOC_8_L1D_SIZE_64kB_L1I_ASSOC_4_L1I_SIZE_64kB_L2_ASSOC_8_L2_SIZE_1MB_ROB_ENTRIES_128_phase1,decoder,1,64kB,4,128,4,4,64kB,8,1MB,8,1.453572,0.6879604175094182,,,,2.84995,0.601839,5.017423840308001,7.293186806404182
decoder_DECODE_WIDTH_4_ISSUE_WIDTH_4_L1D_ASSOC_8_L1D_SIZE_64kB_L1I_ASSOC_4_L1I_SIZE_64kB_L2_ASSOC_16_L2_SIZE_1MB_ROB_ENTRIES_128_phase1,decoder,1,64kB,4,128,4,4,64kB,8,1MB,16,1.453346,0.6880673975777275,,,,2.8502,0.60708,5.02462405888,7.302517277477012
decoder_DECODE_WIDTH_4_ISSUE_WIDTH_4_L1D_ASSOC_8_L1D_SIZE_64kB_L1I_ASSOC_4_L1I_SIZE_64kB_L2_ASSOC_8_L2_SIZE_2MB_ROB_ENTRIES_128_phase1,decoder,1,64kB,4,128,4,4,64kB,8,2MB,8,1.447451,0.6908696736538922,,,,2.85544,0.679716,5.116965087356,7.40655623265853
decoder_DECODE_WIDTH_4_ISSUE_WIDTH_4_L1D_ASSOC_8_L1D_SIZE_64kB_L1I_ASSOC_4_L1I_SIZE_64kB_L2_ASSOC_16_L2_SIZE_2MB_ROB_ENTRIES_128_phase1,decoder,1,64kB,4,128,4,4,64kB,8,2MB,16,1.447886,0.6906621101385054,,,,2.85493,0.682029,5.121113418674,7.414788423310223
decoder_DECODE_WIDTH_4_ISSUE_WIDTH_4_L1D_ASSOC_16_L1D_SIZE_64kB_L1I_ASSOC_4_L1I_SIZE_64kB_L2_ASSOC_8_L2_SIZE_256kB_ROB_ENTRIES_128_phase1,decoder,1,64kB,4,128,4,4,64kB,16,256kB,8,1.459756,0.6850459939880363,,,,3.00655,0.546671,5.186835674076,7.571514496246485
decoder_DECODE_WIDTH_4_ISSUE_WIDTH_4_L1D_ASSOC_16_L1D_SIZE_64kB_L1I_ASSOC_4_L1I_SIZE_64kB_L2_ASSOC_16_L2_SIZE_256kB_ROB_ENTRIES_128_phase1,decoder,1,64kB,4,128,4,4,64kB,16,256kB,16,1.459625,0.6851074762353344,,,,3.00673,0.547784,5.18825749725,7.572910349423531
decoder_DECODE_WIDTH_4_ISSUE_WIDTH_4_L1D_ASSOC_16_L1D_SIZE_64kB_L1I_ASSOC_4_L1I_SIZE_64kB_L2_ASSOC_8_L2_SIZE_512kB_ROB_ENTRIES_128_phase1,decoder,1,64kB,4,128,4,4,64kB,16,512kB,8,1.458025,0.6858592959654327,,,,3.00932,0.567382,5.214920933549999,7.603485094139237
decoder_DECODE_WIDTH_4_ISSUE_WIDTH_4_L1D_ASSOC_16_L1D_SIZE_64kB_L1I_ASSOC_4_L1I_SIZE_64kB_L2_ASSOC_16_L2_SIZE_512kB_ROB_ENTRIES_128_phase1,decoder,1,64kB,4,128,4,4,64kB,16,512kB,16,1.458106,0.6858211954412093,,,,3.00913,0.568765,5.216950166869999,7.606866340014147
decoder_DECODE_WIDTH_4_ISSUE_WIDTH_4_L1D_ASSOC_16_L1D_SIZE_64kB_L1I_ASSOC_4_L1I_SIZE_64kB_L2_ASSOC_8_L2_SIZE_1MB_ROB_ENTRIES_128_phase1,decoder,1,64kB,4,128,4,4,64kB,16,1MB,8,1.453563,0.6879646771416169,,,,3.01662,0.606423,5.266321252209,7.65492971832467
decoder_DECODE_WIDTH_4_ISSUE_WIDTH_4_L1D_ASSOC_16_L1D_SIZE_64kB_L1I_ASSOC_4_L1I_SIZE_64kB_L2_ASSOC_16_L2_SIZE_1MB_ROB_ENTRIES_128_phase1,decoder,1,64kB,4,128,4,4,64kB,16,1MB,16,1.453323,0.6880782867951585,,,,3.01703,0.611664,5.273664450162,7.664337839702788
decoder_DECODE_WIDTH_4_ISSUE_WIDTH_4_L1D_ASSOC_16_L1D_SIZE_64kB_L1I_ASSOC_4_L1I_SIZE_64kB_L2_ASSOC_8_L2_SIZE_2MB_ROB_ENTRIES_128_phase1,decoder,1,64kB,4,128,4,4,64kB,16,2MB,8,1.44746,0.6908653779724483,,,,3.02305,0.684299,5.36623938354,7.767416858098808
decoder_DECODE_WIDTH_4_ISSUE_WIDTH_4_L1D_ASSOC_16_L1D_SIZE_64kB_L1I_ASSOC_4_L1I_SIZE_64kB_L2_ASSOC_16_L2_SIZE_2MB_ROB_ENTRIES_128_phase1,decoder,1,64kB,4,128,4,4,64kB,16,2MB,16,1.447755,0.6907246046465044,,,,3.02256,0.686612,5.3699723088599995,7.7744042600136085
decoder_DECODE_WIDTH_4_ISSUE_WIDTH_4_L1D_ASSOC_4_L1D_SIZE_128kB_L1I_ASSOC_4_L1I_SIZE_64kB_L2_ASSOC_8_L2_SIZE_256kB_ROB_ENTRIES_128_phase1,decoder,1,64kB,4,128,4,4,128kB,4,256kB,8,1.459158,0.6853267432313704,,,,2.78004,0.546694,4.854230529972,7.083089311652883
decoder_DECODE_WIDTH_4_ISSUE_WIDTH_4_L1D_ASSOC_4_L1D_SIZE_128kB_L1I_ASSOC_4_L1I_SIZE_64kB_L2_ASSOC_16_L2_SIZE_256kB_ROB_ENTRIES_128_phase1,decoder,1,64kB,4,128,4,4,128kB,4,256kB,16,1.459039,0.6853826388465284,,,,2.7802,0.547807,4.855692005273,7.084644007681513
decoder_DECODE_WIDTH_4_ISSUE_WIDTH_4_L1D_ASSOC_4_L1D_SIZE_128kB_L1I_ASSOC_4_L1I_SIZE_64kB_L2_ASSOC_8_L2_SIZE_512kB_ROB_ENTRIES_128_phase1,decoder,1,64kB,4,128,4,4,128kB,4,512kB,8,1.457449,0.6861303551616558,,,,2.78268,0.567405,4.882578033165,7.116108471858296
decoder_DECODE_WIDTH_4_ISSUE_WIDTH_4_L1D_ASSOC_4_L1D_SIZE_128kB_L1I_ASSOC_4_L1I_SIZE_64kB_L2_ASSOC_16_L2_SIZE_512kB_ROB_ENTRIES_128_phase1,decoder,1,64kB,4,128,4,4,128kB,4,512kB,16,1.457275,0.6862122797687464,,,,2.783,0.568788,4.8844768577,7.118026012804768
decoder_DECODE_WIDTH_4_ISSUE_WIDTH_4_L1D_ASSOC_4_L1D_SIZE_128kB_L1I_ASSOC_4_L1I_SIZE_64kB_L2_ASSOC_8_L2_SIZE_1MB_ROB_ENTRIES_128_phase1,decoder,1,64kB,4,128,4,4,128kB,4,1MB,8,1.453134,0.6881677808103038,,,,2.78928,0.606446,4.934444905284,7.17040966299496
decoder_DECODE_WIDTH_4_ISSUE_WIDTH_4_L1D_ASSOC_4_L1D_SIZE_128kB_L1I_ASSOC_4_L1I_SIZE_64kB_L2_ASSOC_16_L2_SIZE_1MB_ROB_ENTRIES_128_phase1,decoder,1,64kB,4,128,4,4,128kB,4,1MB,16,1.453183,0.6881445764229283,,,,2.78921,0.611687,4.942125705151,7.181813058588444
decoder_DECODE_WIDTH_4_ISSUE_WIDTH_4_L1D_ASSOC_4_L1D_SIZE_128kB_L1I_ASSOC_4_L1I_SIZE_64kB_L2_ASSOC_8_L2_SIZE_2MB_ROB_ENTRIES_128_phase1,decoder,1,64kB,4,128,4,4,128kB,4,2MB,8,1.447179,0.690999523901328,,,,2.79424,0.684323,5.034103323777,7.285248614000275
decoder_DECODE_WIDTH_4_ISSUE_WIDTH_4_L1D_ASSOC_4_L1D_SIZE_128kB_L1I_ASSOC_4_L1I_SIZE_64kB_L2_ASSOC_16_L2_SIZE_2MB_ROB_ENTRIES_128_phase1,decoder,1,64kB,4,128,4,4,128kB,4,2MB,16,1.447536,0.690829105459208,,,,2.79371,0.686636,5.037926127456,7.292579434833148
decoder_DECODE_WIDTH_4_ISSUE_WIDTH_4_L1D_ASSOC_8_L1D_SIZE_128kB_L1I_ASSOC_4_L1I_SIZE_64kB_L2_ASSOC_8_L2_SIZE_256kB_ROB_ENTRIES_128_phase1,decoder,1,64kB,4,128,4,4,128kB,8,256kB,8,1.459145,0.6853328490314534,,,,2.83864,0.549718,4.94410563391,7.214167015191606
decoder_DECODE_WIDTH_4_ISSUE_WIDTH_4_L1D_ASSOC_8_L1D_SIZE_128kB_L1I_ASSOC_4_L1I_SIZE_64kB_L2_ASSOC_16_L2_SIZE_256kB_ROB_ENTRIES_128_phase1,decoder,1,64kB,4,128,4,4,128kB,8,256kB,16,1.459026,0.6853887456426411,,,,2.83879,0.550831,4.9455451691459995,7.2156789859584105
decoder_DECODE_WIDTH_4_ISSUE_WIDTH_4_L1D_ASSOC_8_L1D_SIZE_128kB_L1I_ASSOC_4_L1I_SIZE_64kB_L2_ASSOC_8_L2_SIZE_512kB_ROB_ENTRIES_128_phase1,decoder,1,64kB,4,128,4,4,128kB,8,512kB,8,1.457374,0.6861656650935175,,,,2.84138,0.570429,4.972281729565999,7.246474113344519
decoder_DECODE_WIDTH_4_ISSUE_WIDTH_4_L1D_ASSOC_8_L1D_SIZE_128kB_L1I_ASSOC_4_L1I_SIZE_64kB_L2_ASSOC_16_L2_SIZE_512kB_ROB_ENTRIES_128_phase1,decoder,1,64kB,4,128,4,4,128kB,8,512kB,16,1.457573,0.6860719840447099,,,,2.84114,0.571812,4.974626685496,7.250881541858462
decoder_DECODE_WIDTH_4_ISSUE_WIDTH_4_L1D_ASSOC_8_L1D_SIZE_128kB_L1I_ASSOC_4_L1I_SIZE_64kB_L2_ASSOC_8_L2_SIZE_1MB_ROB_ENTRIES_128_phase1,decoder,1,64kB,4,128,4,4,128kB,8,1MB,8,1.453208,0.6881327380526394,,,,2.84798,0.60947,5.0243939996,7.301489555370717
decoder_DECODE_WIDTH_4_ISSUE_WIDTH_4_L1D_ASSOC_8_L1D_SIZE_128kB_L1I_ASSOC_4_L1I_SIZE_64kB_L2_ASSOC_16_L2_SIZE_1MB_ROB_ENTRIES_128_phase1,decoder,1,64kB,4,128,4,4,128kB,8,1MB,16,1.453144,0.688163045093948,,,,2.84788,0.614711,5.031643336104,7.31170232399951
decoder_DECODE_WIDTH_4_ISSUE_WIDTH_4_L1D_ASSOC_8_L1D_SIZE_128kB_L1I_ASSOC_4_L1I_SIZE_64kB_L2_ASSOC_8_L2_SIZE_2MB_ROB_ENTRIES_128_phase1,decoder,1,64kB,4,128,4,4,128kB,8,2MB,8,1.447193,0.6909928392412069,,,,2.85322,0.687346,5.123882331238,7.415246642591314
decoder_DECODE_WIDTH_4_ISSUE_WIDTH_4_L1D_ASSOC_8_L1D_SIZE_128kB_L1I_ASSOC_4_L1I_SIZE_64kB_L2_ASSOC_16_L2_SIZE_2MB_ROB_ENTRIES_128_phase1,decoder,1,64kB,4,128,4,4,128kB,8,2MB,16,1.447425,0.6908820837003644,,,,2.85281,0.68966,5.12745963975,7.421613269065143
decoder_DECODE_WIDTH_4_ISSUE_WIDTH_4_L1D_ASSOC_16_L1D_SIZE_128kB_L1I_ASSOC_4_L1I_SIZE_64kB_L2_ASSOC_8_L2_SIZE_256kB_ROB_ENTRIES_128_phase1,decoder,1,64kB,4,128,4,4,128kB,16,256kB,8,1.459062,0.685371834781524,,,,3.01631,0.551604,5.2058077366680005,7.595596247878286
decoder_DECODE_WIDTH_4_ISSUE_WIDTH_4_L1D_ASSOC_16_L1D_SIZE_128kB_L1I_ASSOC_4_L1I_SIZE_64kB_L2_ASSOC_16_L2_SIZE_256kB_ROB_ENTRIES_128_phase1,decoder,1,64kB,4,128,4,4,128kB,16,256kB,16,1.459038,0.685383108596212,,,,3.01638,0.552717,5.207448148686,7.597864731962524
decoder_DECODE_WIDTH_4_ISSUE_WIDTH_4_L1D_ASSOC_16_L1D_SIZE_128kB_L1I_ASSOC_4_L1I_SIZE_64kB_L2_ASSOC_8_L2_SIZE_512kB_ROB_ENTRIES_128_phase1,decoder,1,64kB,4,128,4,4,128kB,16,512kB,8,1.457517,0.6860983439644271,,,,3.01898,0.572315,5.234373514515,7.629188381755359
decoder_DECODE_WIDTH_4_ISSUE_WIDTH_4_L1D_ASSOC_16_L1D_SIZE_128kB_L1I_ASSOC_4_L1I_SIZE_64kB_L2_ASSOC_16_L2_SIZE_512kB_ROB_ENTRIES_128_phase1,decoder,1,64kB,4,128,4,4,128kB,16,512kB,16,1.457611,0.6860540981098524,,,,3.0188,0.573698,5.236464602278,7.632728405391037
decoder_DECODE_WIDTH_4_ISSUE_WIDTH_4_L1D_ASSOC_16_L1D_SIZE_128kB_L1I_ASSOC_4_L1I_SIZE_64kB_L2_ASSOC_8_L2_SIZE_1MB_ROB_ENTRIES_128_phase1,decoder,1,64kB,4,128,4,4,128kB,16,1MB,8,1.453351,0.6880650304021534,,,,3.02568,0.611356,5.285889907636,7.6822533831526885
decoder_DECODE_WIDTH_4_ISSUE_WIDTH_4_L1D_ASSOC_16_L1D_SIZE_128kB_L1I_ASSOC_4_L1I_SIZE_64kB_L2_ASSOC_16_L2_SIZE_1MB_ROB_ENTRIES_128_phase1,decoder,1,64kB,4,128,4,4,128kB,16,1MB,16,1.453363,0.6880593492472287,,,,3.02582,0.616597,5.293754098371,7.693746337670771
decoder_DECODE_WIDTH_4_ISSUE_WIDTH_4_L1D_ASSOC_16_L1D_SIZE_128kB_L1I_ASSOC_4_L1I_SIZE_64kB_L2_ASSOC_8_L2_SIZE_2MB_ROB_ENTRIES_128_phase1,decoder,1,64kB,4,128,4,4,128kB,16,2MB,8,1.447159,0.691009073640146,,,,3.03239,0.689232,5.385778771898,7.794078221761138
decoder_DECODE_WIDTH_4_ISSUE_WIDTH_4_L1D_ASSOC_16_L1D_SIZE_128kB_L1I_ASSOC_4_L1I_SIZE_64kB_L2_ASSOC_16_L2_SIZE_2MB_ROB_ENTRIES_128_phase1,decoder,1,64kB,4,128,4,4,128kB,16,2MB,16,1.447433,0.690878265177041,,,,3.032,0.691545,5.389581909985,7.801058712715318
decoder_DECODE_WIDTH_4_ISSUE_WIDTH_4_L1D_ASSOC_4_L1D_SIZE_256kB_L1I_ASSOC_4_L1I_SIZE_64kB_L2_ASSOC_8_L2_SIZE_256kB_ROB_ENTRIES_128_phase1,decoder,1,64kB,4,128,4,4,256kB,4,256kB,8,1.457932,0.6859030462326089,,,,2.77554,0.555275,4.85610177458,7.079866172416969
decoder_DECODE_WIDTH_4_ISSUE_WIDTH_4_L1D_ASSOC_4_L1D_SIZE_256kB_L1I_ASSOC_4_L1I_SIZE_64kB_L2_ASSOC_16_L2_SIZE_256kB_ROB_ENTRIES_128_phase1,decoder,1,64kB,4,128,4,4,256kB,4,256kB,16,1.457964,0.6858879917473957,,,,2.77557,0.556388,4.857874813512001,7.082606594607211
decoder_DECODE_WIDTH_4_ISSUE_WIDTH_4_L1D_ASSOC_4_L1D_SIZE_256kB_L1I_ASSOC_4_L1I_SIZE_64kB_L2_ASSOC_8_L2_SIZE_512kB_ROB_ENTRIES_128_phase1,decoder,1,64kB,4,128,4,4,256kB,4,512kB,8,1.45714,0.6862758554428537,,,,2.77683,0.575986,4.88552230624,7.1188899733145545
decoder_DECODE_WIDTH_4_ISSUE_WIDTH_4_L1D_ASSOC_4_L1D_SIZE_256kB_L1I_ASSOC_4_L1I_SIZE_64kB_L2_ASSOC_16_L2_SIZE_512kB_ROB_ENTRIES_128_phase1,decoder,1,64kB,4,128,4,4,256kB,4,512kB,16,1.45704,0.6863229561302367,,,,2.77702,0.577369,4.887478948559999,7.121252327209861
decoder_DECODE_WIDTH_4_ISSUE_WIDTH_4_L1D_ASSOC_4_L1D_SIZE_256kB_L1I_ASSOC_4_L1I_SIZE_64kB_L2_ASSOC_8_L2_SIZE_1MB_ROB_ENTRIES_128_phase1,decoder,1,64kB,4,128,4,4,256kB,4,1MB,8,1.453252,0.6881119035101965,,,,2.78266,0.615027,4.937695428124,7.1757157563120595
decoder_DECODE_WIDTH_4_ISSUE_WIDTH_4_L1D_ASSOC_4_L1D_SIZE_256kB_L1I_ASSOC_4_L1I_SIZE_64kB_L2_ASSOC_16_L2_SIZE_1MB_ROB_ENTRIES_128_phase1,decoder,1,64kB,4,128,4,4,256kB,4,1MB,16,1.453605,0.6879447993093034,,,,2.78221,0.620268,4.9458590331900005,7.189325419940151
decoder_DECODE_WIDTH_4_ISSUE_WIDTH_4_L1D_ASSOC_4_L1D_SIZE_256kB_L1I_ASSOC_4_L1I_SIZE_64kB_L2_ASSOC_8_L2_SIZE_2MB_ROB_ENTRIES_128_phase1,decoder,1,64kB,4,128,4,4,256kB,4,2MB,8,1.4471,0.6910372469076083,,,,2.78791,0.692903,5.037084492300001,7.289164968807332
decoder_DECODE_WIDTH_4_ISSUE_WIDTH_4_L1D_ASSOC_4_L1D_SIZE_256kB_L1I_ASSOC_4_L1I_SIZE_64kB_L2_ASSOC_16_L2_SIZE_2MB_ROB_ENTRIES_128_phase1,decoder,1,64kB,4,128,4,4,256kB,4,2MB,16,1.447463,0.6908639460905046,,,,2.78739,0.695216,5.040943328577999,7.296578953213496
decoder_DECODE_WIDTH_4_ISSUE_WIDTH_4_L1D_ASSOC_8_L1D_SIZE_256kB_L1I_ASSOC_4_L1I_SIZE_64kB_L2_ASSOC_8_L2_SIZE_256kB_ROB_ENTRIES_128_phase1,decoder,1,64kB,4,128,4,4,256kB,8,256kB,8,1.457974,0.6858832873562902,,,,2.84712,0.55978,4.9671716206,7.242007076372666
decoder_DECODE_WIDTH_4_ISSUE_WIDTH_4_L1D_ASSOC_8_L1D_SIZE_256kB_L1I_ASSOC_4_L1I_SIZE_64kB_L2_ASSOC_16_L2_SIZE_256kB_ROB_ENTRIES_128_phase1,decoder,1,64kB,4,128,4,4,256kB,8,256kB,16,1.457931,0.6859035166959204,,,,2.8472,0.560894,4.968765893514001,7.244117827896761
decoder_DECODE_WIDTH_4_ISSUE_WIDTH_4_L1D_ASSOC_8_L1D_SIZE_256kB_L1I_ASSOC_4_L1I_SIZE_64kB_L2_ASSOC_8_L2_SIZE_512kB_ROB_ENTRIES_128_phase1,decoder,1,64kB,4,128,4,4,256kB,8,512kB,8,1.457115,0.6862876300086129,,,,2.84847,0.580492,4.99639196463,7.280317677541842
decoder_DECODE_WIDTH_4_ISSUE_WIDTH_4_L1D_ASSOC_8_L1D_SIZE_256kB_L1I_ASSOC_4_L1I_SIZE_64kB_L2_ASSOC_16_L2_SIZE_512kB_ROB_ENTRIES_128_phase1,decoder,1,64kB,4,128,4,4,256kB,8,512kB,16,1.457144,0.6862739715498263,,,,2.84846,0.581874,4.998490606096,7.283520595729151
decoder_DECODE_WIDTH_4_ISSUE_WIDTH_4_L1D_ASSOC_8_L1D_SIZE_256kB_L1I_ASSOC_4_L1I_SIZE_64kB_L2_ASSOC_8_L2_SIZE_1MB_ROB_ENTRIES_128_phase1,decoder,1,64kB,4,128,4,4,256kB,8,1MB,8,1.453399,0.6880423063453325,,,,2.85424,0.619532,5.048776751028,7.337887081167344
decoder_DECODE_WIDTH_4_ISSUE_WIDTH_4_L1D_ASSOC_8_L1D_SIZE_256kB_L1I_ASSOC_4_L1I_SIZE_64kB_L2_ASSOC_16_L2_SIZE_1MB_ROB_ENTRIES_128_phase1,decoder,1,64kB,4,128,4,4,256kB,8,1MB,16,1.453626,0.6879348608238983,,,,2.85395,0.624774,5.056763653224,7.350643122181391
decoder_DECODE_WIDTH_4_ISSUE_WIDTH_4_L1D_ASSOC_8_L1D_SIZE_256kB_L1I_ASSOC_4_L1I_SIZE_64kB_L2_ASSOC_8_L2_SIZE_2MB_ROB_ENTRIES_128_phase1,decoder,1,64kB,4,128,4,4,256kB,8,2MB,8,1.44709,0.6910420222653739,,,,2.86009,0.697409,5.14802122791,7.449650038696282
decoder_DECODE_WIDTH_4_ISSUE_WIDTH_4_L1D_ASSOC_8_L1D_SIZE_256kB_L1I_ASSOC_4_L1I_SIZE_64kB_L2_ASSOC_16_L2_SIZE_2MB_ROB_ENTRIES_128_phase1,decoder,1,64kB,4,128,4,4,256kB,8,2MB,16,1.447318,0.6909331605079188,,,,2.85983,0.699722,5.151803681536,7.456298200753321
decoder_DECODE_WIDTH_4_ISSUE_WIDTH_4_L1D_ASSOC_16_L1D_SIZE_256kB_L1I_ASSOC_4_L1I_SIZE_64kB_L2_ASSOC_8_L2_SIZE_256kB_ROB_ENTRIES_128_phase1,decoder,1,64kB,4,128,4,4,256kB,16,256kB,8,1.458026,0.6858588255627814,,,,3.01385,0.564834,5.217814317784,7.607708938501334
decoder_DECODE_WIDTH_4_ISSUE_WIDTH_4_L1D_ASSOC_16_L1D_SIZE_256kB_L1I_ASSOC_4_L1I_SIZE_64kB_L2_ASSOC_16_L2_SIZE_256kB_ROB_ENTRIES_128_phase1,decoder,1,64kB,4,128,4,4,256kB,16,256kB,16,1.457985,0.6858781126006097,,,,3.01384,0.565947,5.219275749195001,7.609625753190073
decoder_DECODE_WIDTH_4_ISSUE_WIDTH_4_L1D_ASSOC_16_L1D_SIZE_256kB_L1I_ASSOC_4_L1I_SIZE_64kB_L2_ASSOC_8_L2_SIZE_512kB_ROB_ENTRIES_128_phase1,decoder,1,64kB,4,128,4,4,256kB,16,512kB,8,1.457064,0.6863116513756431,,,,3.01548,0.585545,5.2469238906,7.645103911733198
decoder_DECODE_WIDTH_4_ISSUE_WIDTH_4_L1D_ASSOC_16_L1D_SIZE_256kB_L1I_ASSOC_4_L1I_SIZE_64kB_L2_ASSOC_16_L2_SIZE_512kB_ROB_ENTRIES_128_phase1,decoder,1,64kB,4,128,4,4,256kB,16,512kB,16,1.457141,0.6862753844686272,,,,3.01523,0.586927,5.2488506531370005,7.648315489562703
decoder_DECODE_WIDTH_4_ISSUE_WIDTH_4_L1D_ASSOC_16_L1D_SIZE_256kB_L1I_ASSOC_4_L1I_SIZE_64kB_L2_ASSOC_8_L2_SIZE_1MB_ROB_ENTRIES_128_phase1,decoder,1,64kB,4,128,4,4,256kB,16,1MB,8,1.453414,0.6880352053853892,,,,3.02132,0.624585,5.29900936967,7.701654404009553
decoder_DECODE_WIDTH_4_ISSUE_WIDTH_4_L1D_ASSOC_16_L1D_SIZE_256kB_L1I_ASSOC_4_L1I_SIZE_64kB_L2_ASSOC_16_L2_SIZE_1MB_ROB_ENTRIES_128_phase1,decoder,1,64kB,4,128,4,4,256kB,16,1MB,16,1.453669,0.6879145114878283,,,,3.021,0.629826,5.307092580594,7.7147559645395
decoder_DECODE_WIDTH_4_ISSUE_WIDTH_4_L1D_ASSOC_16_L1D_SIZE_256kB_L1I_ASSOC_4_L1I_SIZE_64kB_L2_ASSOC_8_L2_SIZE_2MB_ROB_ENTRIES_128_phase1,decoder,1,64kB,4,128,4,4,256kB,16,2MB,8,1.447183,0.6909976139852388,,,,3.02787,0.702461,5.398471607573001,7.812576336462318
decoder_DECODE_WIDTH_4_ISSUE_WIDTH_4_L1D_ASSOC_16_L1D_SIZE_256kB_L1I_ASSOC_4_L1I_SIZE_64kB_L2_ASSOC_16_L2_SIZE_2MB_ROB_ENTRIES_128_phase1,decoder,1,64kB,4,128,4,4,256kB,16,2MB,16,1.447383,0.6909021316403468,,,,3.02777,0.704774,5.402420732352,7.819371926853835
